<?xml version="1.0" encoding="utf-8"?>
<Links>
<Link id="2">
<Titles>mangastream</Titles>
<URL>www.mangastream.com</URL>
<Comment>موقع لتصفح وترجمة المانجا باللغة الانجليزية </Comment>
<Rating>90</Rating>
</Link>
<Link id="3">
<Titles>twitter</Titles>
<URL>twitter.com</URL>
<Comment>موقع لمشاركة الاراء والاهتمامات من خلال 140 حرف </Comment>
<Rating>99</Rating>
</Link>
<Link id="4">
<Titles>facebook</Titles>
<URL>www.facebook.com</URL>
<Comment>يععععع </Comment>
<Rating>3</Rating>
</Link>
<Link id="5">
<Titles>حارة المساطيل</Titles>
<URL>msa6el.mbc.net</URL>
<Comment>منتدى سعودي شعبي </Comment>
<Rating>60</Rating>
</Link>
<Link id="6">
<Titles>يوتيوووب </Titles>
<URL>www.youtube.com</URL>
<Comment>موقع لمشاركة مقاطع الفيديو </Comment>
<Rating>96</Rating>
</Link>
</Links>
